exp,rep,t,s,vax_inf,unvax_inf,vaxd
1,1,0.005,100000,0,0,50122
1,1,0.01,100000,0,0,50122
1,1,0.015,100000,0,1,50122
1,1,0.02,100000,0,1,50122
1,1,0.025,100000,0,2,50122
1,1,0.03,100000,1,1,50122
1,1,0.035,100000,2,4,50122
1,1,0.04,100000,3,4,50122
1,1,0.045,100000,3,9,50122
1,1,0.05,100000,6,11,50122
1,1,0.055,99999,8,9,50122
1,1,0.06,100000,7,14,50122
1,1,0.065,100000,4,18,50122
1,1,0.07,100000,7,20,50122
1,1,0.075,100000,12,24,50122
1,1,0.08,99999,17,29,50122
1,1,0.085,100000,10,45,50122
1,1,0.09,99999,12,37,50122
1,1,0.095,100000,15,32,50122
1,1,0.1,100000,13,46,50122
1,1,0.105,100000,17,44,50122
1,1,0.11,100000,22,50,50122
1,1,0.115,100000,21,48,50122
1,1,0.12,100000,19,67,50122
1,1,0.125,100000,23,67,50122
1,1,0.13,100000,23,68,50122
1,1,0.135,99999,36,85,50122
1,1,0.14,100000,30,87,50122
1,1,0.145,100000,36,95,50122
1,1,0.15,100000,44,77,50122
1,1,0.155,100000,40,98,50122
1,1,0.16,100000,42,106,50122
1,1,0.165,100000,65,117,50122
1,1,0.17,100000,54,106,50122
1,1,0.175,100000,53,122,50122
1,1,0.18,99999,53,140,50122
1,1,0.185,100000,57,137,50122
1,1,0.19,99999,49,144,50122
1,1,0.195,99999,58,152,50122
1,1,0.2,99998,69,141,50122
1,1,0.205,99999,63,159,50122
1,1,0.21,100000,64,154,50122
1,1,0.215,100000,81,180,50122
1,1,0.22,99999,68,165,50122
1,1,0.225,100000,87,168,50122
1,1,0.23,100000,85,193,50122
1,1,0.235,100000,90,185,50122
1,1,0.24,99999,94,187,50122
1,1,0.245,100000,98,212,50122
1,1,0.25,100000,96,193,50122
1,1,0.255,99998,94,235,50122
1,1,0.26,99998,101,230,50122
1,1,0.265,100000,86,245,50122
1,1,0.27,99999,99,222,50122
1,1,0.275,100000,117,252,50122
1,1,0.28,99999,101,238,50122
1,1,0.285,100000,110,234,50122
1,1,0.29,100000,95,228,50122
1,1,0.295,99999,104,249,50122
1,1,0.3,99998,115,243,50122
1,1,0.305,99999,119,221,50122
1,1,0.31,100000,141,265,50122
1,1,0.315,100000,140,232,50122
1,1,0.32,100000,122,281,50122
1,1,0.325,99999,136,257,50122
1,1,0.33,100000,137,266,50122
1,1,0.335,100000,134,296,50122
1,1,0.34,100000,139,262,50122
1,1,0.345,100000,143,269,50122
1,1,0.35,99999,149,254,50122
1,1,0.355,100000,147,260,50122
1,1,0.36,99999,151,263,50122
1,1,0.365,99998,148,256,50122
1,1,0.37,100000,153,288,50122
1,1,0.375,99998,145,277,50122
1,1,0.38,99998,146,258,50122
1,1,0.385,100000,146,285,50122
1,1,0.39,99999,158,255,50122
1,1,0.395,100000,150,293,50122
1,1,0.4,99998,150,269,50122
1,1,0.405,99999,169,273,50122
1,1,0.41,100000,157,238,50122
1,1,0.415,99999,156,259,50122
1,1,0.42,99995,164,270,50122
1,1,0.425,99999,166,271,50122
1,1,0.43,99997,162,254,50122
1,1,0.435,100000,162,298,50122
1,1,0.44,99999,164,250,50122
1,1,0.445,99999,183,252,50122
1,1,0.45,99997,160,256,50122
1,1,0.455,99999,177,241,50122
1,1,0.46,99999,162,268,50122
1,1,0.465,99999,167,233,50122
1,1,0.47,99999,182,262,50122
1,1,0.475,99998,154,262,50122
1,1,0.48,100000,171,267,50122
1,1,0.485,100000,168,260,50122
1,1,0.49,99999,154,259,50122
1,1,0.495,100000,148,224,50122
1,1,0.5,100000,142,228,50122
1,1,0.505,99998,175,238,50122
1,1,0.51,100000,175,223,50122
1,1,0.515,100000,159,224,50122
1,1,0.52,100000,147,228,50122
1,1,0.525,99999,162,228,50122
1,1,0.53,99999,137,225,50122
1,1,0.535,99997,145,213,50122
1,1,0.54,99999,149,212,50122
1,1,0.545,99999,162,202,50122
1,1,0.55,100000,174,205,50122
1,1,0.555,99999,153,209,50122
1,1,0.56,99999,170,201,50122
1,1,0.565,99999,149,170,50122
1,1,0.57,100000,133,193,50122
1,1,0.575,99999,179,180,50122
1,1,0.58,100000,145,222,50122
1,1,0.585,100000,154,163,50122
1,1,0.59,100000,132,181,50122
1,1,0.595,99998,130,172,50122
1,1,0.6,99999,135,163,50122
1,1,0.605,100000,134,160,50122
1,1,0.61,100000,152,162,50122
1,1,0.615,99997,143,163,50122
1,1,0.62,99999,131,145,50122
1,1,0.625,100000,145,162,50122
1,1,0.63,100000,146,171,50122
1,1,0.635,99998,124,144,50122
1,1,0.64,99999,124,152,50122
1,1,0.645,99998,121,150,50122
1,1,0.65,99999,114,149,50122
1,1,0.655,100000,103,122,50122
1,1,0.66,99999,111,134,50122
1,1,0.665,99999,94,123,50122
1,1,0.67,99999,93,113,50122
1,1,0.675,100000,113,144,50122
1,1,0.68,100000,114,124,50122
1,1,0.685,100000,117,87,50122
1,1,0.69,99999,85,100,50122
1,1,0.695,99998,88,152,50122
1,1,0.7,100000,78,102,50122
1,1,0.705,100000,90,119,50122
1,1,0.71,100000,91,104,50122
1,1,0.715,100000,75,103,50122
1,1,0.72,100000,76,107,50122
1,1,0.725,100000,93,96,50122
1,1,0.73,100000,81,100,50122
1,1,0.735,99998,72,93,50122
1,1,0.74,100000,79,84,50122
1,1,0.745,100000,89,82,50122
1,1,0.75,99999,72,77,50122
1,1,0.755,99999,66,96,50122
1,1,0.76,99998,68,72,50122
1,1,0.765,100000,60,82,50122
1,1,0.77,100000,68,80,50122
1,1,0.775,100000,58,62,50122
1,1,0.78,100000,53,63,50122
1,1,0.785,100000,60,52,50122
1,1,0.79,100000,52,53,50122
1,1,0.795,100000,48,55,50122
1,1,0.8,100000,49,62,50122
1,1,0.805,100000,56,49,50122
1,1,0.81,100000,36,58,50122
1,1,0.815,100000,46,58,50122
1,1,0.82,100000,32,43,50122
1,1,0.825,100000,49,39,50122
1,1,0.83,100000,36,48,50122
1,1,0.835,100000,35,32,50122
1,1,0.84,100000,37,36,50122
1,1,0.845,100000,35,45,50122
1,1,0.85,100000,25,31,50122
1,1,0.855,100000,27,25,50122
1,1,0.86,100000,29,31,50122
1,1,0.865,100000,26,20,50122
1,1,0.87,100000,31,23,50122
1,1,0.875,100000,27,25,50122
1,1,0.88,100000,25,19,50122
1,1,0.885,100000,29,15,50122
1,1,0.89,99999,19,22,50122
1,1,0.895,100000,19,21,50122
1,1,0.9,99999,13,13,50122
1,1,0.905,100000,9,15,50122
1,1,0.91,100000,11,14,50122
1,1,0.915,100000,6,10,50122
1,1,0.92,100000,12,11,50122
1,1,0.925,100000,5,11,50122
1,1,0.93,100000,9,5,50122
1,1,0.935,100000,6,5,50122
1,1,0.94,100000,5,9,50122
1,1,0.945,100000,3,8,50122
1,1,0.95,100000,3,4,50122
1,1,0.955,100000,3,7,50122
1,1,0.96,100000,1,3,50122
1,1,0.965,100000,0,5,50122
1,1,0.97,100000,2,0,50122
1,1,0.975,100000,3,1,50122
1,1,0.98,100000,0,1,50122
1,1,0.985,100000,0,1,50122
1,1,0.99,100000,1,0,50122
1,1,0.995,100000,0,1,50122
1,1,1.0,100000,0,0,50122
1,1,1.005,100000,0,0,50157
1,1,1.01,100000,0,0,50157
1,1,1.015,100000,0,0,50157
1,1,1.02,100000,2,1,50157
1,1,1.025,100000,0,0,50157
1,1,1.03,100000,2,1,50157
1,1,1.035,100000,0,0,50157
1,1,1.04,100000,1,4,50157
1,1,1.045,100000,1,2,50157
1,1,1.05,100000,4,3,50157
1,1,1.055,100000,1,5,50157
1,1,1.06,100000,2,5,50157
1,1,1.065,99999,7,3,50157
1,1,1.07,100000,5,8,50157
1,1,1.075,100000,6,14,50157
1,1,1.08,100000,4,15,50157
1,1,1.085,100000,5,12,50157
1,1,1.09,100000,11,7,50157
1,1,1.095,100000,9,16,50157
1,1,1.1,100000,8,12,50157
1,1,1.105,100000,11,21,50157
1,1,1.11,100000,14,20,50157
1,1,1.115,100000,11,18,50157
1,1,1.12,100000,15,26,50157
1,1,1.125,100000,18,33,50157
1,1,1.13,100000,15,37,50157
1,1,1.135,100000,21,34,50157
1,1,1.14,100000,20,28,50157
1,1,1.145,100000,15,24,50157
1,1,1.15,100000,20,37,50157
1,1,1.155,100000,22,39,50157
1,1,1.16,100000,37,41,50157
1,1,1.165,99999,25,32,50157
1,1,1.17,100000,28,49,50157
1,1,1.175,100000,36,54,50157
1,1,1.18,99999,37,55,50157
1,1,1.185,100000,27,61,50157
1,1,1.19,100000,35,52,50157
1,1,1.195,100000,45,45,50157
1,1,1.2,100000,42,67,50157
1,1,1.205,99999,49,77,50157
1,1,1.21,99999,46,70,50157
1,1,1.215,100000,58,85,50157
1,1,1.22,99999,59,90,50157
1,1,1.225,100000,51,70,50157
1,1,1.23,100000,53,70,50157
1,1,1.235,100000,49,80,50157
1,1,1.24,99999,56,76,50157
1,1,1.245,99999,59,83,50157
1,1,1.25,100000,61,88,50157
1,1,1.255,100000,54,95,50157
1,1,1.26,100000,71,94,50157
1,1,1.265,100000,74,115,50157
1,1,1.27,99998,89,96,50157
1,1,1.275,100000,86,98,50157
1,1,1.28,99999,49,114,50157
1,1,1.285,99999,77,111,50157
1,1,1.29,100000,82,105,50157
1,1,1.295,100000,75,102,50157
1,1,1.3,99998,85,107,50157
1,1,1.305,100000,76,99,50157
1,1,1.31,99999,93,122,50157
1,1,1.315,100000,91,129,50157
1,1,1.32,100000,89,132,50157
1,1,1.325,99999,86,142,50157
1,1,1.33,100000,90,132,50157
1,1,1.335,99999,91,153,50157
1,1,1.34,100000,80,146,50157
1,1,1.345,99999,90,124,50157
1,1,1.35,100000,90,110,50157
1,1,1.355,100000,96,135,50157
1,1,1.36,100000,101,121,50157
1,1,1.365,99999,79,136,50157
1,1,1.37,99999,116,149,50157
1,1,1.375,100000,125,128,50157
1,1,1.38,99999,99,148,50157
1,1,1.385,99999,106,144,50157
1,1,1.39,100000,101,135,50157
1,1,1.395,100000,94,139,50157
1,1,1.4,100000,105,119,50157
1,1,1.405,100000,109,160,50157
1,1,1.41,99998,116,158,50157
1,1,1.415,100000,104,166,50157
1,1,1.42,99998,122,151,50157
1,1,1.425,100000,114,146,50157
1,1,1.43,99999,93,169,50157
1,1,1.435,99999,102,159,50157
1,1,1.44,100000,118,163,50157
1,1,1.445,100000,105,159,50157
1,1,1.45,99999,105,144,50157
1,1,1.455,99999,121,152,50157
1,1,1.46,100000,100,161,50157
1,1,1.465,100000,115,157,50157
1,1,1.47,100000,124,144,50157
1,1,1.475,100000,113,147,50157
1,1,1.48,100000,113,133,50157
1,1,1.485,99999,135,153,50157
1,1,1.49,100000,112,146,50157
1,1,1.495,100000,121,156,50157
1,1,1.5,100000,118,146,50157
1,1,1.505,99999,101,153,50157
1,1,1.51,99999,112,138,50157
1,1,1.515,99999,104,145,50157
1,1,1.52,99999,101,157,50157
1,1,1.525,99998,103,130,50157
1,1,1.53,99999,116,166,50157
1,1,1.535,99998,110,141,50157
1,1,1.54,100000,105,139,50157
1,1,1.545,100000,114,141,50157
1,1,1.55,100000,114,148,50157
1,1,1.555,100000,105,139,50157
1,1,1.56,99999,106,121,50157
1,1,1.565,99999,97,156,50157
1,1,1.57,100000,93,128,50157
1,1,1.575,99999,93,118,50157
1,1,1.58,100000,101,133,50157
1,1,1.585,100000,92,142,50157
1,1,1.59,100000,92,131,50157
1,1,1.595,100000,100,138,50157
1,1,1.6,100000,83,129,50157
1,1,1.605,100000,77,137,50157
1,1,1.61,100000,119,134,50157
1,1,1.615,100000,86,117,50157
1,1,1.62,100000,87,99,50157
1,1,1.625,100000,87,119,50157
1,1,1.63,100000,71,125,50157
1,1,1.635,100000,77,113,50157
1,1,1.64,99997,95,106,50157
1,1,1.645,100000,92,112,50157
1,1,1.65,100000,83,113,50157
1,1,1.655,99999,61,105,50157
1,1,1.66,100000,76,97,50157
1,1,1.665,99999,96,109,50157
1,1,1.67,100000,82,90,50157
1,1,1.675,99998,64,104,50157
1,1,1.68,100000,65,99,50157
1,1,1.685,100000,80,84,50157
1,1,1.69,100000,67,107,50157
1,1,1.695,99999,65,87,50157
1,1,1.7,100000,59,68,50157
1,1,1.705,100000,64,102,50157
1,1,1.71,100000,64,83,50157
1,1,1.715,100000,57,72,50157
1,1,1.72,100000,56,76,50157
1,1,1.725,100000,62,75,50157
1,1,1.73,100000,55,71,50157
1,1,1.735,100000,56,70,50157
1,1,1.74,100000,55,66,50157
1,1,1.745,100000,45,63,50157
1,1,1.75,100000,54,63,50157
1,1,1.755,99999,51,53,50157
1,1,1.76,100000,46,49,50157
1,1,1.765,100000,40,59,50157
1,1,1.77,100000,49,59,50157
1,1,1.775,99999,34,50,50157
1,1,1.78,100000,39,47,50157
1,1,1.785,100000,37,53,50157
1,1,1.79,100000,33,52,50157
1,1,1.795,100000,24,49,50157
1,1,1.8,100000,22,58,50157
1,1,1.805,100000,36,51,50157
1,1,1.81,100000,37,38,50157
1,1,1.815,100000,20,41,50157
1,1,1.82,100000,26,35,50157
1,1,1.825,100000,25,37,50157
1,1,1.83,99999,25,39,50157
1,1,1.835,100000,21,44,50157
1,1,1.84,100000,25,25,50157
1,1,1.845,100000,24,22,50157
1,1,1.85,99999,22,29,50157
1,1,1.855,100000,11,21,50157
1,1,1.86,100000,16,20,50157
1,1,1.865,100000,16,32,50157
1,1,1.87,100000,22,18,50157
1,1,1.875,100000,16,20,50157
1,1,1.88,100000,12,25,50157
1,1,1.885,100000,7,15,50157
1,1,1.89,99999,10,17,50157
1,1,1.895,100000,13,15,50157
1,1,1.9,100000,13,14,50157
1,1,1.905,100000,6,12,50157
1,1,1.91,100000,6,8,50157
1,1,1.915,100000,8,13,50157
1,1,1.92,100000,4,7,50157
1,1,1.925,100000,5,11,50157
1,1,1.93,100000,4,4,50157
1,1,1.935,100000,8,6,50157
1,1,1.94,100000,5,4,50157
1,1,1.945,100000,2,2,50157
1,1,1.95,100000,1,3,50157
1,1,1.955,100000,0,4,50157
1,1,1.96,100000,2,3,50157
1,1,1.965,100000,1,1,50157
1,1,1.97,100000,1,0,50157
1,1,1.975,100000,1,1,50157
1,1,1.98,100000,0,0,50157
1,1,1.985,100000,0,1,50157
1,1,1.99,100000,0,0,50157
1,1,1.995,100000,0,0,50157
1,1,2.0,100000,0,0,50157
1,1,2.005,100000,0,0,50241
1,1,2.01,100000,0,0,50241
1,1,2.015,100000,0,0,50241
1,1,2.02,100000,0,0,50241
1,1,2.025,100000,0,0,50241
1,1,2.03,100000,0,2,50241
1,1,2.035,100000,1,3,50241
1,1,2.04,100000,0,2,50241
1,1,2.045,100000,2,2,50241
1,1,2.05,100000,2,5,50241
1,1,2.055,100000,4,3,50241
1,1,2.06,100000,4,6,50241
1,1,2.065,100000,2,9,50241
1,1,2.07,100000,3,8,50241
1,1,2.075,100000,3,8,50241
1,1,2.08,100000,2,12,50241
1,1,2.085,100000,7,12,50241
1,1,2.09,100000,11,12,50241
1,1,2.095,100000,4,10,50241
1,1,2.1,100000,17,10,50241
1,1,2.105,100000,7,16,50241
1,1,2.11,100000,10,14,50241
1,1,2.115,100000,6,22,50241
1,1,2.12,100000,13,25,50241
1,1,2.125,100000,11,22,50241
1,1,2.13,100000,18,22,50241
1,1,2.135,100000,21,25,50241
1,1,2.14,100000,18,24,50241
1,1,2.145,100000,18,31,50241
1,1,2.15,100000,24,34,50241
1,1,2.155,100000,14,29,50241
1,1,2.16,100000,21,28,50241
1,1,2.165,100000,20,30,50241
1,1,2.17,100000,22,42,50241
1,1,2.175,100000,27,42,50241
1,1,2.18,100000,25,47,50241
1,1,2.185,99999,26,44,50241
1,1,2.19,100000,33,57,50241
1,1,2.195,100000,31,51,50241
1,1,2.2,99999,35,41,50241
1,1,2.205,100000,48,68,50241
1,1,2.21,99999,36,55,50241
1,1,2.215,100000,50,64,50241
1,1,2.22,100000,46,74,50241
1,1,2.225,100000,32,59,50241
1,1,2.23,100000,38,62,50241
1,1,2.235,100000,41,81,50241
1,1,2.24,100000,44,78,50241
1,1,2.245,100000,44,77,50241
1,1,2.25,100000,49,95,50241
1,1,2.255,99999,52,88,50241
1,1,2.26,99998,44,85,50241
1,1,2.265,100000,54,95,50241
1,1,2.27,99997,66,80,50241
1,1,2.275,99999,43,90,50241
1,1,2.28,100000,59,88,50241
1,1,2.285,100000,59,85,50241
1,1,2.29,100000,53,108,50241
1,1,2.295,100000,67,84,50241
1,1,2.3,100000,71,96,50241
1,1,2.305,100000,58,101,50241
1,1,2.31,99998,61,101,50241
1,1,2.315,99999,69,97,50241
1,1,2.32,100000,67,109,50241
1,1,2.325,100000,68,102,50241
1,1,2.33,99998,79,122,50241
1,1,2.335,100000,66,117,50241
1,1,2.34,100000,65,113,50241
1,1,2.345,99999,72,122,50241
1,1,2.35,100000,54,115,50241
1,1,2.355,100000,84,136,50241
1,1,2.36,100000,59,100,50241
1,1,2.365,100000,63,127,50241
1,1,2.37,100000,70,139,50241
1,1,2.375,100000,75,132,50241
1,1,2.38,100000,60,139,50241
1,1,2.385,100000,62,149,50241
1,1,2.39,100000,96,144,50241
1,1,2.395,100000,75,134,50241
1,1,2.4,100000,69,148,50241
1,1,2.405,99999,84,143,50241
1,1,2.41,100000,85,131,50241
1,1,2.415,99999,77,136,50241
1,1,2.42,100000,83,155,50241
1,1,2.425,100000,99,134,50241
1,1,2.43,100000,68,134,50241
1,1,2.435,99999,94,133,50241
1,1,2.44,100000,80,143,50241
1,1,2.445,100000,93,164,50241
1,1,2.45,100000,80,141,50241
1,1,2.455,99999,79,146,50241
1,1,2.46,100000,74,131,50241
1,1,2.465,99999,67,160,50241
1,1,2.47,100000,87,130,50241
1,1,2.475,100000,93,140,50241
1,1,2.48,100000,92,134,50241
1,1,2.485,99998,83,147,50241
1,1,2.49,100000,92,120,50241
1,1,2.495,100000,97,138,50241
1,1,2.5,100000,80,127,50241
1,1,2.505,99998,83,143,50241
1,1,2.51,100000,95,130,50241
1,1,2.515,100000,74,123,50241
1,1,2.52,99999,88,143,50241
1,1,2.525,100000,84,141,50241
1,1,2.53,100000,67,132,50241
1,1,2.535,100000,95,142,50241
1,1,2.54,100000,84,128,50241
1,1,2.545,100000,79,127,50241
1,1,2.55,99999,92,137,50241
1,1,2.555,100000,90,123,50241
1,1,2.56,100000,82,122,50241
1,1,2.565,100000,89,138,50241
1,1,2.57,99999,71,132,50241
1,1,2.575,99999,68,111,50241
1,1,2.58,100000,73,123,50241
1,1,2.585,99999,67,124,50241
1,1,2.59,100000,72,126,50241
1,1,2.595,99999,102,117,50241
1,1,2.6,99999,69,114,50241
1,1,2.605,100000,69,103,50241
1,1,2.61,100000,76,131,50241
1,1,2.615,100000,68,101,50241
1,1,2.62,99998,72,117,50241
1,1,2.625,100000,56,113,50241
1,1,2.63,100000,82,128,50241
1,1,2.635,100000,67,110,50241
1,1,2.64,100000,82,99,50241
1,1,2.645,100000,52,133,50241
1,1,2.65,100000,62,88,50241
1,1,2.655,99999,72,97,50241
1,1,2.66,100000,67,96,50241
1,1,2.665,100000,63,99,50241
1,1,2.67,100000,68,106,50241
1,1,2.675,100000,54,80,50241
1,1,2.68,100000,61,113,50241
1,1,2.685,100000,76,89,50241
1,1,2.69,100000,57,88,50241
1,1,2.695,100000,53,94,50241
1,1,2.7,100000,58,83,50241
1,1,2.705,99999,62,76,50241
1,1,2.71,100000,38,75,50241
1,1,2.715,99999,59,76,50241
1,1,2.72,100000,49,78,50241
1,1,2.725,99998,42,68,50241
1,1,2.73,100000,53,69,50241
1,1,2.735,99999,44,78,50241
1,1,2.74,100000,47,75,50241
1,1,2.745,100000,46,52,50241
1,1,2.75,100000,69,66,50241
1,1,2.755,100000,43,63,50241
1,1,2.76,99998,48,60,50241
1,1,2.765,100000,37,52,50241
1,1,2.77,100000,39,66,50241
1,1,2.775,100000,39,56,50241
1,1,2.78,99999,34,57,50241
1,1,2.785,100000,32,48,50241
1,1,2.79,100000,22,51,50241
1,1,2.795,100000,34,43,50241
1,1,2.8,100000,25,37,50241
1,1,2.805,100000,27,41,50241
1,1,2.81,100000,37,37,50241
1,1,2.815,100000,29,36,50241
1,1,2.82,99999,28,43,50241
1,1,2.825,100000,31,40,50241
1,1,2.83,100000,24,28,50241
1,1,2.835,100000,30,34,50241
1,1,2.84,100000,14,29,50241
1,1,2.845,100000,20,29,50241
1,1,2.85,100000,14,31,50241
1,1,2.855,100000,18,29,50241
1,1,2.86,100000,28,19,50241
1,1,2.865,100000,15,24,50241
1,1,2.87,100000,17,22,50241
1,1,2.875,100000,10,21,50241
1,1,2.88,100000,4,22,50241
1,1,2.885,100000,9,20,50241
1,1,2.89,100000,12,19,50241
1,1,2.895,100000,3,18,50241
1,1,2.9,100000,7,12,50241
1,1,2.905,100000,8,14,50241
1,1,2.91,100000,9,11,50241
1,1,2.915,100000,6,13,50241
1,1,2.92,100000,1,10,50241
1,1,2.925,100000,6,9,50241
1,1,2.93,100000,4,6,50241
1,1,2.935,100000,5,9,50241
1,1,2.94,100000,1,5,50241
1,1,2.945,100000,5,1,50241
1,1,2.95,100000,2,3,50241
1,1,2.955,100000,2,3,50241
1,1,2.96,100000,3,1,50241
1,1,2.965,100000,1,1,50241
1,1,2.97,100000,0,1,50241
1,1,2.975,100000,0,2,50241
1,1,2.98,100000,0,0,50241
1,1,2.985,100000,0,0,50241
1,1,2.99,100000,0,0,50241
1,1,2.995,100000,1,1,50241
1,1,3.0,100000,0,0,50241
1,1,3.005,100000,0,0,50146
1,1,3.01,100000,0,0,50146
1,1,3.015,100000,0,0,50146
1,1,3.02,100000,1,0,50146
1,1,3.025,100000,2,1,50146
1,1,3.03,100000,2,4,50146
1,1,3.035,100000,3,5,50146
1,1,3.04,100000,4,8,50146
1,1,3.045,100000,4,10,50146
1,1,3.05,100000,8,11,50146
1,1,3.055,100000,10,9,50146
1,1,3.06,100000,10,12,50146
1,1,3.065,100000,11,22,50146
1,1,3.07,100000,17,23,50146
1,1,3.075,100000,13,32,50146
1,1,3.08,100000,19,34,50146
1,1,3.085,100000,19,55,50146
1,1,3.09,100000,23,51,50146
1,1,3.095,100000,30,42,50146
1,1,3.1,100000,38,61,50146
1,1,3.105,100000,24,51,50146
1,1,3.11,99999,36,65,50146
1,1,3.115,100000,40,57,50146
1,1,3.12,100000,44,65,50146
1,1,3.125,100000,43,89,50146
1,1,3.13,100000,34,91,50146
1,1,3.135,99999,63,92,50146
1,1,3.14,99998,66,97,50146
1,1,3.145,100000,52,93,50146
1,1,3.15,100000,51,120,50146
1,1,3.155,100000,50,118,50146
1,1,3.16,99999,83,117,50146
1,1,3.165,100000,87,147,50146
1,1,3.17,100000,81,160,50146
1,1,3.175,100000,93,147,50146
1,1,3.18,100000,93,156,50146
1,1,3.185,100000,116,165,50146
1,1,3.19,100000,84,211,50146
1,1,3.195,100000,109,187,50146
1,1,3.2,99997,116,202,50146
1,1,3.205,99998,120,220,50146
1,1,3.21,99999,120,214,50146
1,1,3.215,99999,148,200,50146
1,1,3.22,99998,122,236,50146
1,1,3.225,99998,152,231,50146
1,1,3.23,99999,127,211,50146
1,1,3.235,99998,143,226,50146
1,1,3.24,99999,158,240,50146
1,1,3.245,100000,187,266,50146
1,1,3.25,99999,151,246,50146
1,1,3.255,100000,141,287,50146
1,1,3.26,100000,172,269,50146
1,1,3.265,99999,187,290,50146
1,1,3.27,99999,166,313,50146
1,1,3.275,100000,172,284,50146
1,1,3.28,100000,168,308,50146
1,1,3.285,99997,170,273,50146
1,1,3.29,99999,183,324,50146
1,1,3.295,99997,187,317,50146
1,1,3.3,99999,207,338,50146
1,1,3.305,99997,215,335,50146
1,1,3.31,100000,203,315,50146
1,1,3.315,100000,212,327,50146
1,1,3.32,99999,200,342,50146
1,1,3.325,100000,259,325,50146
1,1,3.33,100000,236,339,50146
1,1,3.335,100000,197,326,50146
1,1,3.34,99999,188,376,50146
1,1,3.345,99999,210,361,50146
1,1,3.35,99999,193,326,50146
1,1,3.355,99998,221,397,50146
1,1,3.36,99999,208,333,50146
1,1,3.365,99999,210,343,50146
1,1,3.37,99999,224,333,50146
1,1,3.375,100000,205,352,50146
1,1,3.38,99999,221,323,50146
1,1,3.385,99999,241,340,50146
1,1,3.39,99999,229,375,50146
1,1,3.395,100000,244,350,50146
1,1,3.4,99998,259,340,50146
1,1,3.405,99999,235,350,50146
1,1,3.41,100000,224,343,50146
1,1,3.415,99999,207,344,50146
1,1,3.42,99999,220,344,50146
1,1,3.425,100000,227,342,50146
1,1,3.43,100000,224,347,50146
1,1,3.435,99999,221,353,50146
1,1,3.44,99997,232,360,50146
1,1,3.445,99997,248,334,50146
1,1,3.45,99999,229,335,50146
1,1,3.455,99999,238,335,50146
1,1,3.46,100000,239,361,50146
1,1,3.465,99998,228,319,50146
1,1,3.47,99999,243,336,50146
1,1,3.475,99999,245,310,50146
1,1,3.48,100000,235,348,50146
1,1,3.485,99999,253,313,50146
1,1,3.49,99999,214,334,50146
1,1,3.495,99997,235,328,50146
1,1,3.5,99997,243,325,50146
1,1,3.505,100000,227,307,50146
1,1,3.51,100000,216,269,50146
1,1,3.515,99997,219,293,50146
1,1,3.52,100000,218,293,50146
1,1,3.525,100000,208,325,50146
1,1,3.53,99999,215,287,50146
1,1,3.535,99997,213,288,50146
1,1,3.54,99999,209,262,50146
1,1,3.545,100000,202,285,50146
1,1,3.55,99998,215,269,50146
1,1,3.555,99998,208,296,50146
1,1,3.56,99998,217,250,50146
1,1,3.565,100000,201,240,50146
1,1,3.57,99999,198,263,50146
1,1,3.575,99996,201,295,50146
1,1,3.58,100000,183,267,50146
1,1,3.585,100000,199,260,50146
1,1,3.59,99997,194,245,50146
1,1,3.595,99998,218,265,50146
1,1,3.6,99997,168,265,50146
1,1,3.605,99999,174,230,50146
1,1,3.61,100000,174,226,50146
1,1,3.615,100000,179,243,50146
1,1,3.62,100000,162,227,50146
1,1,3.625,99999,168,214,50146
1,1,3.63,99999,162,235,50146
1,1,3.635,100000,176,232,50146
1,1,3.64,99999,150,241,50146
1,1,3.645,99998,160,194,50146
1,1,3.65,100000,162,203,50146
1,1,3.655,99999,164,211,50146
1,1,3.66,100000,143,206,50146
1,1,3.665,99999,133,186,50146
1,1,3.67,100000,128,191,50146
1,1,3.675,99997,132,171,50146
1,1,3.68,100000,130,193,50146
1,1,3.685,99999,138,210,50146
1,1,3.69,100000,139,168,50146
1,1,3.695,100000,123,173,50146
1,1,3.7,99999,155,175,50146
1,1,3.705,100000,131,164,50146
1,1,3.71,99998,111,182,50146
1,1,3.715,99999,141,145,50146
1,1,3.72,100000,136,133,50146
1,1,3.725,100000,101,161,50146
1,1,3.73,100000,124,141,50146
1,1,3.735,100000,116,128,50146
1,1,3.74,100000,77,133,50146
1,1,3.745,100000,91,150,50146
1,1,3.75,100000,96,142,50146
1,1,3.755,100000,104,122,50146
1,1,3.76,100000,86,141,50146
1,1,3.765,99998,80,121,50146
1,1,3.77,99999,76,126,50146
1,1,3.775,100000,84,100,50146
1,1,3.78,100000,65,95,50146
1,1,3.785,100000,70,96,50146
1,1,3.79,100000,65,102,50146
1,1,3.795,100000,75,81,50146
1,1,3.8,100000,83,93,50146
1,1,3.805,100000,76,85,50146
1,1,3.81,99999,48,91,50146
1,1,3.815,100000,60,77,50146
1,1,3.82,99999,64,66,50146
1,1,3.825,100000,60,71,50146
1,1,3.83,100000,49,65,50146
1,1,3.835,99999,48,49,50146
1,1,3.84,100000,42,53,50146
1,1,3.845,100000,37,42,50146
1,1,3.85,100000,54,54,50146
1,1,3.855,100000,46,63,50146
1,1,3.86,100000,34,51,50146
1,1,3.865,100000,41,40,50146
1,1,3.87,100000,28,44,50146
1,1,3.875,100000,29,36,50146
1,1,3.88,100000,22,37,50146
1,1,3.885,100000,27,30,50146
1,1,3.89,100000,22,27,50146
1,1,3.895,100000,27,26,50146
1,1,3.9,100000,29,29,50146
1,1,3.905,100000,22,26,50146
1,1,3.91,100000,19,25,50146
1,1,3.915,100000,24,24,50146
1,1,3.92,100000,11,24,50146
1,1,3.925,100000,15,17,50146
1,1,3.93,100000,14,10,50146
1,1,3.935,100000,13,14,50146
1,1,3.94,100000,10,9,50146
1,1,3.945,100000,6,13,50146
1,1,3.95,100000,4,11,50146
1,1,3.955,100000,2,5,50146
1,1,3.96,100000,7,6,50146
1,1,3.965,100000,1,4,50146
1,1,3.97,100000,1,1,50146
1,1,3.975,100000,1,3,50146
1,1,3.98,100000,2,2,50146
1,1,3.985,100000,0,1,50146
1,1,3.99,100000,1,2,50146
1,1,3.995,100000,1,0,50146
1,1,4.0,100000,0,0,50146
1,1,4.005,100000,0,0,50045
1,1,4.01,100000,0,0,50045
1,1,4.015,100000,0,0,50045
1,1,4.02,100000,0,1,50045
1,1,4.025,100000,0,0,50045
1,1,4.03,100000,0,0,50045
1,1,4.035,100000,0,0,50045
1,1,4.04,100000,2,2,50045
1,1,4.045,100000,0,0,50045
1,1,4.05,100000,1,1,50045
1,1,4.055,100000,2,3,50045
1,1,4.06,100000,3,2,50045
1,1,4.065,100000,2,1,50045
1,1,4.07,100000,2,2,50045
1,1,4.075,100000,1,6,50045
1,1,4.08,100000,2,9,50045
1,1,4.085,100000,2,3,50045
1,1,4.09,100000,2,8,50045
1,1,4.095,100000,6,7,50045
1,1,4.1,100000,2,9,50045
1,1,4.105,100000,6,8,50045
1,1,4.11,100000,9,9,50045
1,1,4.115,100000,4,10,50045
1,1,4.12,100000,2,7,50045
1,1,4.125,100000,5,11,50045
1,1,4.13,100000,8,13,50045
1,1,4.135,100000,8,16,50045
1,1,4.14,100000,6,12,50045
1,1,4.145,100000,14,18,50045
1,1,4.15,100000,10,22,50045
1,1,4.155,100000,13,17,50045
1,1,4.16,100000,15,19,50045
1,1,4.165,100000,11,24,50045
1,1,4.17,100000,11,26,50045
1,1,4.175,100000,15,17,50045
1,1,4.18,100000,11,28,50045
1,1,4.185,100000,19,28,50045
1,1,4.19,100000,15,33,50045
1,1,4.195,100000,15,24,50045
1,1,4.2,100000,17,17,50045
1,1,4.205,100000,14,37,50045
1,1,4.21,100000,12,39,50045
1,1,4.215,100000,20,28,50045
1,1,4.22,100000,24,44,50045
1,1,4.225,100000,20,40,50045
1,1,4.23,100000,21,38,50045
1,1,4.235,100000,24,36,50045
1,1,4.24,100000,24,47,50045
1,1,4.245,100000,20,54,50045
1,1,4.25,100000,23,40,50045
1,1,4.255,99999,26,55,50045
1,1,4.26,100000,18,53,50045
1,1,4.265,100000,22,48,50045
1,1,4.27,100000,31,58,50045
1,1,4.275,100000,25,49,50045
1,1,4.28,100000,33,50,50045
1,1,4.285,100000,31,59,50045
1,1,4.29,100000,28,50,50045
1,1,4.295,100000,32,63,50045
1,1,4.3,100000,36,58,50045
1,1,4.305,100000,36,76,50045
1,1,4.31,99999,41,54,50045
1,1,4.315,100000,28,78,50045
1,1,4.32,100000,36,67,50045
1,1,4.325,99999,38,68,50045
1,1,4.33,100000,35,60,50045
1,1,4.335,100000,31,84,50045
1,1,4.34,100000,43,71,50045
1,1,4.345,100000,40,80,50045
1,1,4.35,100000,32,62,50045
1,1,4.355,100000,51,81,50045
1,1,4.36,100000,52,72,50045
1,1,4.365,100000,31,83,50045
1,1,4.37,100000,43,94,50045
1,1,4.375,100000,51,87,50045
1,1,4.38,100000,45,88,50045
1,1,4.385,100000,45,101,50045
1,1,4.39,99999,32,69,50045
1,1,4.395,99999,41,88,50045
1,1,4.4,99999,53,86,50045
1,1,4.405,100000,53,83,50045
1,1,4.41,100000,39,82,50045
1,1,4.415,100000,42,89,50045
1,1,4.42,100000,40,92,50045
1,1,4.425,100000,48,110,50045
1,1,4.43,100000,61,87,50045
1,1,4.435,100000,52,99,50045
1,1,4.44,100000,41,97,50045
1,1,4.445,100000,56,91,50045
1,1,4.45,100000,46,70,50045
1,1,4.455,100000,51,108,50045
1,1,4.46,100000,53,92,50045
1,1,4.465,100000,54,77,50045
1,1,4.47,100000,62,117,50045
1,1,4.475,100000,51,102,50045
1,1,4.48,100000,49,88,50045
1,1,4.485,99999,50,117,50045
1,1,4.49,100000,48,94,50045
1,1,4.495,100000,59,93,50045
1,1,4.5,100000,61,108,50045
1,1,4.505,100000,65,104,50045
1,1,4.51,99999,48,83,50045
1,1,4.515,100000,61,91,50045
1,1,4.52,100000,47,100,50045
1,1,4.525,100000,53,88,50045
1,1,4.53,100000,49,109,50045
1,1,4.535,99998,55,94,50045
1,1,4.54,100000,51,97,50045
1,1,4.545,100000,47,117,50045
1,1,4.55,100000,47,91,50045
1,1,4.555,100000,47,107,50045
1,1,4.56,99999,53,99,50045
1,1,4.565,100000,57,109,50045
1,1,4.57,100000,65,91,50045
1,1,4.575,100000,56,87,50045
1,1,4.58,99999,50,96,50045
1,1,4.585,100000,47,90,50045
1,1,4.59,100000,57,94,50045
1,1,4.595,100000,45,96,50045
1,1,4.6,100000,45,87,50045
1,1,4.605,100000,52,95,50045
1,1,4.61,100000,39,97,50045
1,1,4.615,100000,56,94,50045
1,1,4.62,100000,52,80,50045
1,1,4.625,100000,48,90,50045
1,1,4.63,99999,52,75,50045
1,1,4.635,99999,47,84,50045
1,1,4.64,100000,44,85,50045
1,1,4.645,100000,50,76,50045
1,1,4.65,100000,48,96,50045
1,1,4.655,100000,48,67,50045
1,1,4.66,99999,49,62,50045
1,1,4.665,100000,39,89,50045
1,1,4.67,100000,35,77,50045
1,1,4.675,100000,48,56,50045
1,1,4.68,99999,41,68,50045
1,1,4.685,100000,40,81,50045
1,1,4.69,100000,39,69,50045
1,1,4.695,99999,33,58,50045
1,1,4.7,99999,31,62,50045
1,1,4.705,100000,32,55,50045
1,1,4.71,100000,22,64,50045
1,1,4.715,100000,36,54,50045
1,1,4.72,99999,32,69,50045
1,1,4.725,100000,38,61,50045
1,1,4.73,100000,32,69,50045
1,1,4.735,100000,33,64,50045
1,1,4.74,100000,24,59,50045
1,1,4.745,100000,21,44,50045
1,1,4.75,100000,28,54,50045
1,1,4.755,100000,29,45,50045
1,1,4.76,99999,31,51,50045
1,1,4.765,99999,20,47,50045
1,1,4.77,100000,29,54,50045
1,1,4.775,100000,20,34,50045
1,1,4.78,99999,32,45,50045
1,1,4.785,100000,22,34,50045
1,1,4.79,100000,21,38,50045
1,1,4.795,100000,22,36,50045
1,1,4.8,100000,18,36,50045
1,1,4.805,100000,22,36,50045
1,1,4.81,99999,22,35,50045
1,1,4.815,100000,17,31,50045
1,1,4.82,100000,16,29,50045
1,1,4.825,100000,8,25,50045
1,1,4.83,99999,16,35,50045
1,1,4.835,100000,23,19,50045
1,1,4.84,100000,14,30,50045
1,1,4.845,100000,11,31,50045
1,1,4.85,100000,16,37,50045
1,1,4.855,100000,11,21,50045
1,1,4.86,100000,8,18,50045
1,1,4.865,100000,14,18,50045
1,1,4.87,100000,8,18,50045
1,1,4.875,100000,9,11,50045
1,1,4.88,100000,6,19,50045
1,1,4.885,100000,9,7,50045
1,1,4.89,100000,8,13,50045
1,1,4.895,100000,7,11,50045
1,1,4.9,100000,7,12,50045
1,1,4.905,100000,8,12,50045
1,1,4.91,100000,6,9,50045
1,1,4.915,100000,1,9,50045
1,1,4.92,100000,6,3,50045
1,1,4.925,100000,3,4,50045
1,1,4.93,100000,2,5,50045
1,1,4.935,100000,7,4,50045
1,1,4.94,100000,2,1,50045
1,1,4.945,100000,0,1,50045
1,1,4.95,100000,0,2,50045
1,1,4.955,100000,3,3,50045
1,1,4.96,100000,0,2,50045
1,1,4.965,100000,1,3,50045
1,1,4.97,100000,1,1,50045
1,1,4.975,100000,0,0,50045
1,1,4.98,100000,0,0,50045
1,1,4.985,100000,0,0,50045
1,1,4.99,100000,0,0,50045
1,1,4.995,100000,0,0,50045
1,1,5.0,100000,0,0,50045
1,1,5.005,100000,0,0,49872
1,1,5.01,100000,0,0,49872
1,1,5.015,100000,2,0,49872
1,1,5.02,100000,0,0,49872
1,1,5.025,100000,0,0,49872
1,1,5.03,100000,0,1,49872
1,1,5.035,100000,0,1,49872
1,1,5.04,100000,0,2,49872
1,1,5.045,100000,1,4,49872
1,1,5.05,100000,1,2,49872
1,1,5.055,100000,1,5,49872
1,1,5.06,100000,3,8,49872
1,1,5.065,100000,2,4,49872
1,1,5.07,100000,2,3,49872
1,1,5.075,100000,5,4,49872
1,1,5.08,100000,6,9,49872
1,1,5.085,100000,5,4,49872
1,1,5.09,100000,3,9,49872
1,1,5.095,100000,6,9,49872
1,1,5.1,100000,1,9,49872
1,1,5.105,100000,8,12,49872
1,1,5.11,100000,9,9,49872
1,1,5.115,100000,5,19,49872
1,1,5.12,100000,5,11,49872
1,1,5.125,100000,11,18,49872
1,1,5.13,100000,6,22,49872
1,1,5.135,100000,7,25,49872
1,1,5.14,100000,14,19,49872
1,1,5.145,99999,9,30,49872
1,1,5.15,100000,10,28,49872
1,1,5.155,100000,12,28,49872
1,1,5.16,100000,9,40,49872
1,1,5.165,100000,11,23,49872
1,1,5.17,100000,19,38,49872
1,1,5.175,100000,10,34,49872
1,1,5.18,100000,15,36,49872
1,1,5.185,100000,20,38,49872
1,1,5.19,100000,15,37,49872
1,1,5.195,100000,17,42,49872
1,1,5.2,100000,26,39,49872
1,1,5.205,100000,22,40,49872
1,1,5.21,100000,25,39,49872
1,1,5.215,99999,24,45,49872
1,1,5.22,100000,21,57,49872
1,1,5.225,100000,28,61,49872
1,1,5.23,100000,37,49,49872
1,1,5.235,100000,24,61,49872
1,1,5.24,100000,32,48,49872
1,1,5.245,100000,22,65,49872
1,1,5.25,100000,34,60,49872
1,1,5.255,100000,31,74,49872
1,1,5.26,99999,25,63,49872
1,1,5.265,100000,34,72,49872
1,1,5.27,100000,42,82,49872
1,1,5.275,100000,33,87,49872
1,1,5.28,100000,43,94,49872
1,1,5.285,100000,45,67,49872
1,1,5.29,100000,48,76,49872
1,1,5.295,100000,47,94,49872
1,1,5.3,100000,41,83,49872
1,1,5.305,100000,46,83,49872
1,1,5.31,100000,39,92,49872
1,1,5.315,100000,39,89,49872
1,1,5.32,100000,54,95,49872
1,1,5.325,100000,38,87,49872
1,1,5.33,100000,40,88,49872
1,1,5.335,100000,45,92,49872
1,1,5.34,99999,53,104,49872
1,1,5.345,100000,52,113,49872
1,1,5.35,100000,60,90,49872
1,1,5.355,99999,56,109,49872
1,1,5.36,100000,50,111,49872
1,1,5.365,100000,56,109,49872
1,1,5.37,100000,58,91,49872
1,1,5.375,100000,64,140,49872
1,1,5.38,100000,66,119,49872
1,1,5.385,100000,56,124,49872
1,1,5.39,100000,59,103,49872
1,1,5.395,100000,53,102,49872
1,1,5.4,99999,70,108,49872
1,1,5.405,99999,58,114,49872
1,1,5.41,99999,58,112,49872
1,1,5.415,99999,52,123,49872
1,1,5.42,100000,75,122,49872
1,1,5.425,99998,66,132,49872
1,1,5.43,100000,73,124,49872
1,1,5.435,100000,76,107,49872
1,1,5.44,99999,74,123,49872
1,1,5.445,100000,54,128,49872
1,1,5.45,99999,61,145,49872
1,1,5.455,100000,61,118,49872
1,1,5.46,99999,50,126,49872
1,1,5.465,99999,66,121,49872
1,1,5.47,100000,60,113,49872
1,1,5.475,100000,64,125,49872
1,1,5.48,100000,59,105,49872
1,1,5.485,100000,73,138,49872
1,1,5.49,100000,56,131,49872
1,1,5.495,99998,92,135,49872
1,1,5.5,100000,67,123,49872
1,1,5.505,100000,62,124,49872
1,1,5.51,100000,61,125,49872
1,1,5.515,100000,68,110,49872
1,1,5.52,100000,59,118,49872
1,1,5.525,100000,69,116,49872
1,1,5.53,100000,59,105,49872
1,1,5.535,100000,59,123,49872
1,1,5.54,100000,62,112,49872
1,1,5.545,100000,53,132,49872
1,1,5.55,99999,66,121,49872
1,1,5.555,100000,74,114,49872
1,1,5.56,100000,69,110,49872
1,1,5.565,99999,69,124,49872
1,1,5.57,100000,67,120,49872
1,1,5.575,99999,64,129,49872
1,1,5.58,100000,52,114,49872
1,1,5.585,100000,64,120,49872
1,1,5.59,100000,57,120,49872
1,1,5.595,100000,68,113,49872
1,1,5.6,100000,56,121,49872
1,1,5.605,100000,45,135,49872
1,1,5.61,100000,63,110,49872
1,1,5.615,100000,69,116,49872
1,1,5.62,100000,59,126,49872
1,1,5.625,99999,61,102,49872
1,1,5.63,100000,57,107,49872
1,1,5.635,100000,59,93,49872
1,1,5.64,100000,51,116,49872
1,1,5.645,100000,50,103,49872
1,1,5.65,100000,49,105,49872
1,1,5.655,99999,60,87,49872
1,1,5.66,99999,57,97,49872
1,1,5.665,100000,63,83,49872
1,1,5.67,100000,48,115,49872
1,1,5.675,100000,54,100,49872
1,1,5.68,100000,42,104,49872
1,1,5.685,99998,50,85,49872
1,1,5.69,99999,48,99,49872
1,1,5.695,99999,65,76,49872
1,1,5.7,99998,44,78,49872
1,1,5.705,99999,36,80,49872
1,1,5.71,100000,34,86,49872
1,1,5.715,99999,37,65,49872
1,1,5.72,99999,41,69,49872
1,1,5.725,100000,40,84,49872
1,1,5.73,100000,35,78,49872
1,1,5.735,99999,43,54,49872
1,1,5.74,100000,41,66,49872
1,1,5.745,100000,36,78,49872
1,1,5.75,100000,28,58,49872
1,1,5.755,100000,25,55,49872
1,1,5.76,100000,37,56,49872
1,1,5.765,100000,29,50,49872
1,1,5.77,100000,19,62,49872
1,1,5.775,99999,30,52,49872
1,1,5.78,100000,24,49,49872
1,1,5.785,100000,24,39,49872
1,1,5.79,100000,36,39,49872
1,1,5.795,100000,28,37,49872
1,1,5.8,100000,20,31,49872
1,1,5.805,100000,20,44,49872
1,1,5.81,100000,25,39,49872
1,1,5.815,99999,14,40,49872
1,1,5.82,100000,24,31,49872
1,1,5.825,100000,17,27,49872
1,1,5.83,100000,17,23,49872
1,1,5.835,100000,18,21,49872
1,1,5.84,100000,17,36,49872
1,1,5.845,100000,17,29,49872
1,1,5.85,100000,17,27,49872
1,1,5.855,100000,11,28,49872
1,1,5.86,100000,17,29,49872
1,1,5.865,100000,12,21,49872
1,1,5.87,100000,15,15,49872
1,1,5.875,100000,6,20,49872
1,1,5.88,100000,8,28,49872
1,1,5.885,100000,9,15,49872
1,1,5.89,100000,6,20,49872
1,1,5.895,100000,8,21,49872
1,1,5.9,100000,4,21,49872
1,1,5.905,100000,7,12,49872
1,1,5.91,100000,5,8,49872
1,1,5.915,100000,9,12,49872
1,1,5.92,100000,2,8,49872
1,1,5.925,100000,3,9,49872
1,1,5.93,100000,4,6,49872
1,1,5.935,99999,3,10,49872
1,1,5.94,100000,0,6,49872
1,1,5.945,100000,2,8,49872
1,1,5.95,100000,1,6,49872
1,1,5.955,100000,3,2,49872
1,1,5.96,100000,2,5,49872
1,1,5.965,100000,1,1,49872
1,1,5.97,100000,1,0,49872
1,1,5.975,100000,1,1,49872
1,1,5.98,100000,1,1,49872
1,1,5.985,100000,0,0,49872
1,1,5.99,100000,0,0,49872
1,1,5.995,100000,0,0,49872
1,1,6.0,100000,0,0,49872
1,1,6.005,100000,0,0,49836
1,1,6.01,100000,0,0,49836
1,1,6.015,100000,0,0,49836
1,1,6.02,100000,0,1,49836
1,1,6.025,100000,1,0,49836
1,1,6.03,100000,0,0,49836
1,1,6.035,100000,0,1,49836
1,1,6.04,100000,1,0,49836
1,1,6.045,100000,1,1,49836
1,1,6.05,100000,2,3,49836
1,1,6.055,100000,1,2,49836
1,1,6.06,100000,1,6,49836
1,1,6.065,100000,2,8,49836
1,1,6.07,100000,2,4,49836
1,1,6.075,100000,1,7,49836
1,1,6.08,100000,4,12,49836
1,1,6.085,100000,4,5,49836
1,1,6.09,100000,2,12,49836
1,1,6.095,100000,9,8,49836
1,1,6.1,100000,6,14,49836
1,1,6.105,100000,7,10,49836
1,1,6.11,100000,9,17,49836
1,1,6.115,100000,6,17,49836
1,1,6.12,100000,6,22,49836
1,1,6.125,100000,6,21,49836
1,1,6.13,100000,12,18,49836
1,1,6.135,99999,10,20,49836
1,1,6.14,100000,10,23,49836
1,1,6.145,100000,12,27,49836
1,1,6.15,100000,16,23,49836
1,1,6.155,100000,19,17,49836
1,1,6.16,100000,26,26,49836
1,1,6.165,100000,15,37,49836
1,1,6.17,100000,19,25,49836
1,1,6.175,100000,22,44,49836
1,1,6.18,100000,18,35,49836
1,1,6.185,100000,19,60,49836
1,1,6.19,99999,20,42,49836
1,1,6.195,100000,26,46,49836
1,1,6.2,100000,8,64,49836
1,1,6.205,100000,27,51,49836
1,1,6.21,100000,28,62,49836
1,1,6.215,100000,23,50,49836
1,1,6.22,100000,28,57,49836
1,1,6.225,99999,19,67,49836
1,1,6.23,100000,27,58,49836
1,1,6.235,100000,29,67,49836
1,1,6.24,100000,46,69,49836
1,1,6.245,100000,33,67,49836
1,1,6.25,100000,25,83,49836
1,1,6.255,100000,37,69,49836
1,1,6.26,100000,24,58,49836
1,1,6.265,100000,31,74,49836
1,1,6.27,100000,41,90,49836
1,1,6.275,100000,49,80,49836
1,1,6.28,99999,43,95,49836
1,1,6.285,100000,49,106,49836
1,1,6.29,100000,54,91,49836
1,1,6.295,100000,41,93,49836
1,1,6.3,100000,41,95,49836
1,1,6.305,100000,44,98,49836
1,1,6.31,99999,49,105,49836
1,1,6.315,100000,54,104,49836
1,1,6.32,99999,51,104,49836
1,1,6.325,100000,55,121,49836
1,1,6.33,99999,50,128,49836
1,1,6.335,100000,44,121,49836
1,1,6.34,99999,62,124,49836
1,1,6.345,99999,62,109,49836
1,1,6.35,100000,57,118,49836
1,1,6.355,100000,55,105,49836
1,1,6.36,100000,64,108,49836
1,1,6.365,100000,65,137,49836
1,1,6.37,100000,55,123,49836
1,1,6.375,99999,46,117,49836
1,1,6.38,100000,70,122,49836
1,1,6.385,100000,56,122,49836
1,1,6.39,100000,50,119,49836
1,1,6.395,100000,49,126,49836
1,1,6.4,100000,75,121,49836
1,1,6.405,100000,69,111,49836
1,1,6.41,100000,64,128,49836
1,1,6.415,100000,68,130,49836
1,1,6.42,100000,77,135,49836
1,1,6.425,100000,55,119,49836
1,1,6.43,100000,55,140,49836
1,1,6.435,100000,70,121,49836
1,1,6.44,99999,67,132,49836
1,1,6.445,99999,83,141,49836
1,1,6.45,100000,60,130,49836
1,1,6.455,100000,55,145,49836
1,1,6.46,99999,59,131,49836
1,1,6.465,100000,69,116,49836
1,1,6.47,99999,81,166,49836
1,1,6.475,100000,68,141,49836
1,1,6.48,100000,65,145,49836
1,1,6.485,100000,67,132,49836
1,1,6.49,100000,50,129,49836
1,1,6.495,99999,71,139,49836
1,1,6.5,100000,81,152,49836
1,1,6.505,99998,76,170,49836
1,1,6.51,100000,60,116,49836
1,1,6.515,100000,73,120,49836
1,1,6.52,100000,62,140,49836
1,1,6.525,99998,67,133,49836
1,1,6.53,99999,64,122,49836
1,1,6.535,100000,78,121,49836
1,1,6.54,100000,64,138,49836
1,1,6.545,100000,63,137,49836
1,1,6.55,100000,75,123,49836
1,1,6.555,99998,81,120,49836
1,1,6.56,99999,69,127,49836
1,1,6.565,99998,65,123,49836
1,1,6.57,99998,67,108,49836
1,1,6.575,100000,53,115,49836
1,1,6.58,100000,67,115,49836
1,1,6.585,99999,67,117,49836
1,1,6.59,99999,74,132,49836
1,1,6.595,100000,68,122,49836
1,1,6.6,100000,79,132,49836
1,1,6.605,100000,64,131,49836
1,1,6.61,100000,63,109,49836
1,1,6.615,100000,65,103,49836
1,1,6.62,100000,72,114,49836
1,1,6.625,100000,63,137,49836
1,1,6.63,100000,60,118,49836
1,1,6.635,100000,63,105,49836
1,1,6.64,99999,59,103,49836
1,1,6.645,99999,67,118,49836
1,1,6.65,100000,52,107,49836
1,1,6.655,99998,70,112,49836
1,1,6.66,99999,50,112,49836
1,1,6.665,100000,53,89,49836
1,1,6.67,100000,52,77,49836
1,1,6.675,100000,58,101,49836
1,1,6.68,100000,56,93,49836
1,1,6.685,100000,58,87,49836
1,1,6.69,100000,62,84,49836
1,1,6.695,100000,44,94,49836
1,1,6.7,100000,54,95,49836
1,1,6.705,99999,45,100,49836
1,1,6.71,100000,46,99,49836
1,1,6.715,100000,44,67,49836
1,1,6.72,100000,31,63,49836
1,1,6.725,100000,38,74,49836
1,1,6.73,99999,32,74,49836
1,1,6.735,100000,35,97,49836
1,1,6.74,100000,33,71,49836
1,1,6.745,100000,44,70,49836
1,1,6.75,100000,34,56,49836
1,1,6.755,100000,48,59,49836
1,1,6.76,100000,31,63,49836
1,1,6.765,100000,38,60,49836
1,1,6.77,100000,35,59,49836
1,1,6.775,100000,32,53,49836
1,1,6.78,100000,28,55,49836
1,1,6.785,100000,28,53,49836
1,1,6.79,100000,26,44,49836
1,1,6.795,100000,29,53,49836
1,1,6.8,99999,23,42,49836
1,1,6.805,100000,20,40,49836
1,1,6.81,100000,28,42,49836
1,1,6.815,100000,20,46,49836
1,1,6.82,99999,24,35,49836
1,1,6.825,100000,14,29,49836
1,1,6.83,100000,17,35,49836
1,1,6.835,100000,13,27,49836
1,1,6.84,100000,15,35,49836
1,1,6.845,100000,17,31,49836
1,1,6.85,100000,21,32,49836
1,1,6.855,100000,14,31,49836
1,1,6.86,100000,14,24,49836
1,1,6.865,100000,15,23,49836
1,1,6.87,100000,11,23,49836
1,1,6.875,100000,10,26,49836
1,1,6.88,100000,9,20,49836
1,1,6.885,100000,10,19,49836
1,1,6.89,100000,11,16,49836
1,1,6.895,100000,4,14,49836
1,1,6.9,100000,6,9,49836
1,1,6.905,100000,9,17,49836
1,1,6.91,100000,4,7,49836
1,1,6.915,100000,6,9,49836
1,1,6.92,100000,5,3,49836
1,1,6.925,100000,6,12,49836
1,1,6.93,100000,3,3,49836
1,1,6.935,100000,4,8,49836
1,1,6.94,100000,5,3,49836
1,1,6.945,100000,1,4,49836
1,1,6.95,100000,0,0,49836
1,1,6.955,100000,5,4,49836
1,1,6.96,100000,0,1,49836
1,1,6.965,100000,0,2,49836
1,1,6.97,100000,0,0,49836
1,1,6.975,100000,1,1,49836
1,1,6.98,99999,1,1,49836
1,1,6.985,100000,0,1,49836
1,1,6.99,100000,0,0,49836
1,1,6.995,100000,1,0,49836
1,1,7.0,100000,0,1,49836
1,1,7.005,100000,0,0,49767
1,1,7.01,100000,0,0,49767
1,1,7.015,100000,0,0,49767
1,1,7.02,100000,0,0,49767
1,1,7.025,100000,0,0,49767
1,1,7.03,100000,0,2,49767
1,1,7.035,100000,1,2,49767
1,1,7.04,100000,0,2,49767
1,1,7.045,100000,1,3,49767
1,1,7.05,100000,2,0,49767
1,1,7.055,100000,2,3,49767
1,1,7.06,100000,1,5,49767
1,1,7.065,100000,2,9,49767
1,1,7.07,100000,2,4,49767
1,1,7.075,100000,5,8,49767
1,1,7.08,100000,6,5,49767
1,1,7.085,100000,3,8,49767
1,1,7.09,100000,4,12,49767
1,1,7.095,100000,3,7,49767
1,1,7.1,100000,4,9,49767
1,1,7.105,100000,9,7,49767
1,1,7.11,100000,4,10,49767
1,1,7.115,100000,9,15,49767
1,1,7.12,100000,10,15,49767
1,1,7.125,100000,6,33,49767
1,1,7.13,100000,13,27,49767
1,1,7.135,100000,12,21,49767
1,1,7.14,100000,16,30,49767
1,1,7.145,100000,17,37,49767
1,1,7.15,100000,12,26,49767
1,1,7.155,100000,15,43,49767
1,1,7.16,100000,20,35,49767
1,1,7.165,100000,15,46,49767
1,1,7.17,99999,19,43,49767
1,1,7.175,100000,18,40,49767
1,1,7.18,100000,12,38,49767
1,1,7.185,100000,19,41,49767
1,1,7.19,100000,27,39,49767
1,1,7.195,100000,25,52,49767
1,1,7.2,100000,22,46,49767
1,1,7.205,100000,27,43,49767
1,1,7.21,100000,25,47,49767
1,1,7.215,100000,23,48,49767
1,1,7.22,100000,25,45,49767
1,1,7.225,100000,34,62,49767
1,1,7.23,100000,27,64,49767
1,1,7.235,100000,31,76,49767
1,1,7.24,100000,36,67,49767
1,1,7.245,100000,47,71,49767
1,1,7.25,100000,30,79,49767
1,1,7.255,100000,38,72,49767
1,1,7.26,100000,40,72,49767
1,1,7.265,100000,37,87,49767
1,1,7.27,99999,43,91,49767
1,1,7.275,99999,46,97,49767
1,1,7.28,100000,56,68,49767
1,1,7.285,100000,53,87,49767
1,1,7.29,100000,54,106,49767
1,1,7.295,100000,42,85,49767
1,1,7.3,100000,42,115,49767
1,1,7.305,99999,38,111,49767
1,1,7.31,100000,45,99,49767
1,1,7.315,100000,68,106,49767
1,1,7.32,100000,61,98,49767
1,1,7.325,100000,55,113,49767
1,1,7.33,99999,56,98,49767
1,1,7.335,100000,46,111,49767
1,1,7.34,100000,66,106,49767
1,1,7.345,100000,46,123,49767
1,1,7.35,99999,46,100,49767
1,1,7.355,99999,73,105,49767
1,1,7.36,100000,69,128,49767
1,1,7.365,100000,54,129,49767
1,1,7.37,99999,60,131,49767
1,1,7.375,99999,55,112,49767
1,1,7.38,100000,69,138,49767
1,1,7.385,100000,70,134,49767
1,1,7.39,99998,65,144,49767
1,1,7.395,100000,62,126,49767
1,1,7.4,100000,53,165,49767
1,1,7.405,99999,69,116,49767
1,1,7.41,100000,69,128,49767
1,1,7.415,100000,86,124,49767
1,1,7.42,100000,68,150,49767
1,1,7.425,100000,90,140,49767
1,1,7.43,99998,70,168,49767
1,1,7.435,100000,81,144,49767
1,1,7.44,99999,67,151,49767
1,1,7.445,100000,82,131,49767
1,1,7.45,100000,50,154,49767
1,1,7.455,100000,71,138,49767
1,1,7.46,100000,79,152,49767
1,1,7.465,99998,83,165,49767
1,1,7.47,99999,76,135,49767
1,1,7.475,100000,69,158,49767
1,1,7.48,100000,75,144,49767
1,1,7.485,99999,85,148,49767
1,1,7.49,100000,77,143,49767
1,1,7.495,99999,84,151,49767
1,1,7.5,100000,77,155,49767
1,1,7.505,99999,88,172,49767
1,1,7.51,99999,61,131,49767
1,1,7.515,99999,75,137,49767
1,1,7.52,100000,66,132,49767
1,1,7.525,100000,70,121,49767
1,1,7.53,99998,75,158,49767
1,1,7.535,100000,85,127,49767
1,1,7.54,100000,85,119,49767
1,1,7.545,99999,69,120,49767
1,1,7.55,100000,69,106,49767
1,1,7.555,99999,71,126,49767
1,1,7.56,100000,78,126,49767
1,1,7.565,100000,74,127,49767
1,1,7.57,100000,69,134,49767
1,1,7.575,99999,74,136,49767
1,1,7.58,99999,70,123,49767
1,1,7.585,100000,59,129,49767
1,1,7.59,100000,57,128,49767
1,1,7.595,100000,64,117,49767
1,1,7.6,100000,52,123,49767
1,1,7.605,100000,66,112,49767
1,1,7.61,100000,58,112,49767
1,1,7.615,99999,74,136,49767
1,1,7.62,100000,70,110,49767
1,1,7.625,99999,63,112,49767
1,1,7.63,100000,59,113,49767
1,1,7.635,100000,65,114,49767
1,1,7.64,100000,56,109,49767
1,1,7.645,100000,68,97,49767
1,1,7.65,100000,50,121,49767
1,1,7.655,100000,43,114,49767
1,1,7.66,100000,44,103,49767
1,1,7.665,100000,49,90,49767
1,1,7.67,100000,54,109,49767
1,1,7.675,99999,54,97,49767
1,1,7.68,100000,53,90,49767
1,1,7.685,100000,61,95,49767
1,1,7.69,100000,44,83,49767
1,1,7.695,100000,57,86,49767
1,1,7.7,100000,54,79,49767
1,1,7.705,100000,48,93,49767
1,1,7.71,100000,43,87,49767
1,1,7.715,100000,41,70,49767
1,1,7.72,100000,51,80,49767
1,1,7.725,100000,46,83,49767
1,1,7.73,100000,34,73,49767
1,1,7.735,100000,36,77,49767
1,1,7.74,100000,30,78,49767
1,1,7.745,100000,32,64,49767
1,1,7.75,99999,42,54,49767
1,1,7.755,100000,38,56,49767
1,1,7.76,100000,38,63,49767
1,1,7.765,99999,32,72,49767
1,1,7.77,100000,36,56,49767
1,1,7.775,100000,37,53,49767
1,1,7.78,100000,29,64,49767
1,1,7.785,99999,30,53,49767
1,1,7.79,100000,25,47,49767
1,1,7.795,100000,24,44,49767
1,1,7.8,100000,22,41,49767
1,1,7.805,100000,22,46,49767
1,1,7.81,100000,26,47,49767
1,1,7.815,99999,19,36,49767
1,1,7.82,100000,21,38,49767
1,1,7.825,100000,16,32,49767
1,1,7.83,100000,20,38,49767
1,1,7.835,100000,18,35,49767
1,1,7.84,100000,21,28,49767
1,1,7.845,100000,11,20,49767
1,1,7.85,100000,15,34,49767
1,1,7.855,100000,18,34,49767
1,1,7.86,100000,14,21,49767
1,1,7.865,100000,16,29,49767
1,1,7.87,100000,10,20,49767
1,1,7.875,100000,12,26,49767
1,1,7.88,100000,10,17,49767
1,1,7.885,100000,13,16,49767
1,1,7.89,100000,6,14,49767
1,1,7.895,100000,12,14,49767
1,1,7.9,100000,10,11,49767
1,1,7.905,100000,9,10,49767
1,1,7.91,100000,5,13,49767
1,1,7.915,100000,4,12,49767
1,1,7.92,100000,9,10,49767
1,1,7.925,100000,6,11,49767
1,1,7.93,100000,6,7,49767
1,1,7.935,100000,1,9,49767
1,1,7.94,100000,3,5,49767
1,1,7.945,100000,2,4,49767
1,1,7.95,100000,1,5,49767
1,1,7.955,100000,2,6,49767
1,1,7.96,100000,3,3,49767
1,1,7.965,100000,3,2,49767
1,1,7.97,100000,2,3,49767
1,1,7.975,100000,0,1,49767
1,1,7.98,100000,2,0,49767
1,1,7.985,100000,0,1,49767
1,1,7.99,100000,1,0,49767
1,1,7.995,100000,0,0,49767
1,1,8.0,100000,0,0,49767
1,1,8.005,100000,0,0,49862
1,1,8.01,100000,0,0,49862
1,1,8.015,100000,0,0,49862
1,1,8.02,100000,0,0,49862
1,1,8.025,100000,1,1,49862
1,1,8.03,100000,1,1,49862
1,1,8.035,100000,0,0,49862
1,1,8.04,100000,2,1,49862
1,1,8.045,100000,0,4,49862
1,1,8.05,100000,1,0,49862
1,1,8.055,100000,6,3,49862
1,1,8.06,100000,2,3,49862
1,1,8.065,100000,5,5,49862
1,1,8.07,100000,3,8,49862
1,1,8.075,100000,3,6,49862
1,1,8.08,100000,3,7,49862
1,1,8.085,100000,5,8,49862
1,1,8.09,100000,3,13,49862
1,1,8.095,100000,3,12,49862
1,1,8.1,100000,2,17,49862
1,1,8.105,100000,12,10,49862
1,1,8.11,100000,13,5,49862
1,1,8.115,100000,9,20,49862
1,1,8.12,100000,8,16,49862
1,1,8.125,100000,18,22,49862
1,1,8.13,100000,14,20,49862
1,1,8.135,100000,13,14,49862
1,1,8.14,100000,16,28,49862
1,1,8.145,100000,12,27,49862
1,1,8.15,100000,23,33,49862
1,1,8.155,100000,13,36,49862
1,1,8.16,100000,18,37,49862
1,1,8.165,100000,19,40,49862
1,1,8.17,100000,16,35,49862
1,1,8.175,100000,23,36,49862
1,1,8.18,100000,18,46,49862
1,1,8.185,100000,27,54,49862
1,1,8.19,99999,27,47,49862
1,1,8.195,99999,23,56,49862
1,1,8.2,100000,33,45,49862
1,1,8.205,100000,24,54,49862
1,1,8.21,100000,25,48,49862
1,1,8.215,100000,22,72,49862
1,1,8.22,100000,27,61,49862
1,1,8.225,100000,17,67,49862
1,1,8.23,100000,41,65,49862
1,1,8.235,100000,35,61,49862
1,1,8.24,100000,28,67,49862
1,1,8.245,99999,43,73,49862
1,1,8.25,100000,48,62,49862
1,1,8.255,100000,45,72,49862
1,1,8.26,100000,30,96,49862
1,1,8.265,100000,48,68,49862
1,1,8.27,100000,47,69,49862
1,1,8.275,100000,47,109,49862
1,1,8.28,99999,34,95,49862
1,1,8.285,100000,32,76,49862
1,1,8.29,100000,39,95,49862
1,1,8.295,99999,48,79,49862
1,1,8.3,100000,31,86,49862
1,1,8.305,99999,47,107,49862
1,1,8.31,100000,66,111,49862
1,1,8.315,100000,49,108,49862
1,1,8.32,99999,54,109,49862
1,1,8.325,100000,66,122,49862
1,1,8.33,100000,55,120,49862
1,1,8.335,100000,50,117,49862
1,1,8.34,100000,58,119,49862
1,1,8.345,100000,53,119,49862
1,1,8.35,99999,60,118,49862
1,1,8.355,100000,51,118,49862
1,1,8.36,99999,60,126,49862
1,1,8.365,99999,66,142,49862
1,1,8.37,100000,52,119,49862
1,1,8.375,100000,67,134,49862
1,1,8.38,100000,65,106,49862
1,1,8.385,100000,70,128,49862
1,1,8.39,100000,77,147,49862
1,1,8.395,99998,66,161,49862
1,1,8.4,100000,65,134,49862
1,1,8.405,99999,60,117,49862
1,1,8.41,99998,65,117,49862
1,1,8.415,100000,70,122,49862
1,1,8.42,100000,57,143,49862
1,1,8.425,100000,65,146,49862
1,1,8.43,100000,89,140,49862
1,1,8.435,100000,77,135,49862
1,1,8.44,100000,71,138,49862
1,1,8.445,100000,69,144,49862
1,1,8.45,100000,59,158,49862
1,1,8.455,99999,84,141,49862
1,1,8.46,100000,66,151,49862
1,1,8.465,100000,73,135,49862
1,1,8.47,100000,72,136,49862
1,1,8.475,99999,65,150,49862
1,1,8.48,99997,81,148,49862
1,1,8.485,99998,66,118,49862
1,1,8.49,99999,83,148,49862
1,1,8.495,99997,57,135,49862
1,1,8.5,99999,74,150,49862
1,1,8.505,100000,76,144,49862
1,1,8.51,99999,70,147,49862
1,1,8.515,100000,54,130,49862
1,1,8.52,100000,85,140,49862
1,1,8.525,100000,75,145,49862
1,1,8.53,100000,75,147,49862
1,1,8.535,100000,72,139,49862
1,1,8.54,99999,79,142,49862
1,1,8.545,99999,56,153,49862
1,1,8.55,100000,82,139,49862
1,1,8.555,99998,74,133,49862
1,1,8.56,99998,63,124,49862
1,1,8.565,99999,57,138,49862
1,1,8.57,99999,62,119,49862
1,1,8.575,100000,65,130,49862
1,1,8.58,99999,54,126,49862
1,1,8.585,100000,84,134,49862
1,1,8.59,100000,74,119,49862
1,1,8.595,100000,68,139,49862
1,1,8.6,99999,50,107,49862
1,1,8.605,100000,63,102,49862
1,1,8.61,100000,77,123,49862
1,1,8.615,100000,56,115,49862
1,1,8.62,99999,62,120,49862
1,1,8.625,100000,77,106,49862
1,1,8.63,100000,61,107,49862
1,1,8.635,100000,47,138,49862
1,1,8.64,100000,68,117,49862
1,1,8.645,100000,53,99,49862
1,1,8.65,100000,57,104,49862
1,1,8.655,100000,55,97,49862
1,1,8.66,100000,49,97,49862
1,1,8.665,100000,74,108,49862
1,1,8.67,100000,60,103,49862
1,1,8.675,100000,48,95,49862
1,1,8.68,100000,50,116,49862
1,1,8.685,99999,45,96,49862
1,1,8.69,99999,49,106,49862
1,1,8.695,100000,35,92,49862
1,1,8.7,100000,54,82,49862
1,1,8.705,99999,49,69,49862
1,1,8.71,100000,53,78,49862
1,1,8.715,100000,49,75,49862
1,1,8.72,100000,49,78,49862
1,1,8.725,100000,34,78,49862
1,1,8.73,99999,37,75,49862
1,1,8.735,100000,37,74,49862
1,1,8.74,100000,36,75,49862
1,1,8.745,100000,29,61,49862
1,1,8.75,100000,49,69,49862
1,1,8.755,99999,39,65,49862
1,1,8.76,100000,30,65,49862
1,1,8.765,100000,28,55,49862
1,1,8.77,100000,40,63,49862
1,1,8.775,100000,22,62,49862
1,1,8.78,100000,24,55,49862
1,1,8.785,100000,26,55,49862
1,1,8.79,100000,28,49,49862
1,1,8.795,100000,36,51,49862
1,1,8.8,100000,33,48,49862
1,1,8.805,100000,23,34,49862
1,1,8.81,100000,22,48,49862
1,1,8.815,100000,24,33,49862
1,1,8.82,100000,23,43,49862
1,1,8.825,100000,24,40,49862
1,1,8.83,100000,17,37,49862
1,1,8.835,100000,25,32,49862
1,1,8.84,100000,13,29,49862
1,1,8.845,99999,18,40,49862
1,1,8.85,99999,14,20,49862
1,1,8.855,100000,9,24,49862
1,1,8.86,100000,15,12,49862
1,1,8.865,100000,11,38,49862
1,1,8.87,100000,10,19,49862
1,1,8.875,100000,13,16,49862
1,1,8.88,99999,14,17,49862
1,1,8.885,100000,7,15,49862
1,1,8.89,100000,10,11,49862
1,1,8.895,100000,8,19,49862
1,1,8.9,100000,11,11,49862
1,1,8.905,100000,8,16,49862
1,1,8.91,100000,5,12,49862
1,1,8.915,100000,5,6,49862
1,1,8.92,100000,5,11,49862
1,1,8.925,100000,9,11,49862
1,1,8.93,100000,3,6,49862
1,1,8.935,100000,2,8,49862
1,1,8.94,100000,3,4,49862
1,1,8.945,100000,3,2,49862
1,1,8.95,100000,2,5,49862
1,1,8.955,100000,2,5,49862
1,1,8.96,100000,3,3,49862
1,1,8.965,100000,1,0,49862
1,1,8.97,100000,2,4,49862
1,1,8.975,100000,2,0,49862
1,1,8.98,100000,1,0,49862
1,1,8.985,100000,0,1,49862
1,1,8.99,100000,0,0,49862
1,1,8.995,100000,0,0,49862
1,1,9.0,100000,0,0,49862
1,1,9.005,100000,0,0,49729
1,1,9.01,100000,0,0,49729
1,1,9.015,100000,0,0,49729
1,1,9.02,100000,0,1,49729
1,1,9.025,100000,1,0,49729
1,1,9.03,100000,2,0,49729
1,1,9.035,100000,0,1,49729
1,1,9.04,100000,0,3,49729
1,1,9.045,100000,1,2,49729
1,1,9.05,100000,5,2,49729
1,1,9.055,100000,2,7,49729
1,1,9.06,100000,1,1,49729
1,1,9.065,100000,0,3,49729
1,1,9.07,100000,0,7,49729
1,1,9.075,100000,3,8,49729
1,1,9.08,100000,4,12,49729
1,1,9.085,100000,9,13,49729
1,1,9.09,100000,8,11,49729
1,1,9.095,100000,5,9,49729
1,1,9.1,100000,3,13,49729
1,1,9.105,100000,12,14,49729
1,1,9.11,100000,4,19,49729
1,1,9.115,100000,11,21,49729
1,1,9.12,100000,5,20,49729
1,1,9.125,100000,11,27,49729
1,1,9.13,100000,7,18,49729
1,1,9.135,100000,9,28,49729
1,1,9.14,99999,9,25,49729
1,1,9.145,100000,13,33,49729
1,1,9.15,100000,21,29,49729
1,1,9.155,100000,16,20,49729
1,1,9.16,100000,24,28,49729
1,1,9.165,100000,15,43,49729
1,1,9.17,100000,13,44,49729
1,1,9.175,99999,21,50,49729
1,1,9.18,100000,31,51,49729
1,1,9.185,100000,22,49,49729
1,1,9.19,100000,24,49,49729
1,1,9.195,100000,18,48,49729
1,1,9.2,100000,23,47,49729
1,1,9.205,100000,22,56,49729
1,1,9.21,100000,32,58,49729
1,1,9.215,99999,34,50,49729
1,1,9.22,99999,27,67,49729
1,1,9.225,100000,28,79,49729
1,1,9.23,100000,29,64,49729
1,1,9.235,100000,43,68,49729
1,1,9.24,100000,35,65,49729
1,1,9.245,100000,42,84,49729
1,1,9.25,100000,32,70,49729
1,1,9.255,100000,41,68,49729
1,1,9.26,100000,46,70,49729
1,1,9.265,100000,35,87,49729
1,1,9.27,100000,53,89,49729
1,1,9.275,100000,45,94,49729
1,1,9.28,100000,45,90,49729
1,1,9.285,99999,41,101,49729
1,1,9.29,100000,43,97,49729
1,1,9.295,99998,51,97,49729
1,1,9.3,99998,48,95,49729
1,1,9.305,99999,49,108,49729
1,1,9.31,100000,47,97,49729
1,1,9.315,100000,47,115,49729
1,1,9.32,99999,50,108,49729
1,1,9.325,100000,52,105,49729
1,1,9.33,100000,56,107,49729
1,1,9.335,100000,61,112,49729
1,1,9.34,99999,67,129,49729
1,1,9.345,100000,65,106,49729
1,1,9.35,100000,63,120,49729
1,1,9.355,100000,68,111,49729
1,1,9.36,99999,62,119,49729
1,1,9.365,100000,63,109,49729
1,1,9.37,99999,60,124,49729
1,1,9.375,99999,54,135,49729
1,1,9.38,99999,51,135,49729
1,1,9.385,100000,63,120,49729
1,1,9.39,100000,65,133,49729
1,1,9.395,100000,71,132,49729
1,1,9.4,99999,74,145,49729
1,1,9.405,99999,73,132,49729
1,1,9.41,99999,75,129,49729
1,1,9.415,100000,72,136,49729
1,1,9.42,99999,81,147,49729
1,1,9.425,100000,77,140,49729
1,1,9.43,100000,57,146,49729
1,1,9.435,100000,76,127,49729
1,1,9.44,99999,83,137,49729
1,1,9.445,99999,71,151,49729
1,1,9.45,99999,70,131,49729
1,1,9.455,99999,81,152,49729
1,1,9.46,99999,79,163,49729
1,1,9.465,99998,63,139,49729
1,1,9.47,100000,74,126,49729
1,1,9.475,100000,70,161,49729
1,1,9.48,99999,82,143,49729
1,1,9.485,99999,65,148,49729
1,1,9.49,100000,71,133,49729
1,1,9.495,100000,80,152,49729
1,1,9.5,100000,91,141,49729
1,1,9.505,100000,86,152,49729
1,1,9.51,99999,70,132,49729
1,1,9.515,100000,85,118,49729
1,1,9.52,100000,67,159,49729
1,1,9.525,99999,70,142,49729
1,1,9.53,99998,85,137,49729
1,1,9.535,99999,78,106,49729
1,1,9.54,99999,65,135,49729
1,1,9.545,100000,88,135,49729
1,1,9.55,99999,60,130,49729
1,1,9.555,99999,61,113,49729
1,1,9.56,100000,76,139,49729
1,1,9.565,99999,73,124,49729
1,1,9.57,100000,89,128,49729
1,1,9.575,99998,79,134,49729
1,1,9.58,99999,70,122,49729
1,1,9.585,100000,63,148,49729
1,1,9.59,100000,76,132,49729
1,1,9.595,100000,67,138,49729
1,1,9.6,100000,74,130,49729
1,1,9.605,99998,81,106,49729
1,1,9.61,100000,69,139,49729
1,1,9.615,100000,70,129,49729
1,1,9.62,100000,70,120,49729
1,1,9.625,99999,71,132,49729
1,1,9.63,100000,62,123,49729
1,1,9.635,99999,72,113,49729
1,1,9.64,100000,56,91,49729
1,1,9.645,99998,38,108,49729
1,1,9.65,99999,68,107,49729
1,1,9.655,100000,57,114,49729
1,1,9.66,99999,51,85,49729
1,1,9.665,100000,62,115,49729
1,1,9.67,100000,59,85,49729
1,1,9.675,100000,67,95,49729
1,1,9.68,99999,44,100,49729
1,1,9.685,100000,56,77,49729
1,1,9.69,100000,58,77,49729
1,1,9.695,100000,47,85,49729
1,1,9.7,100000,44,91,49729
1,1,9.705,100000,52,84,49729
1,1,9.71,100000,43,74,49729
1,1,9.715,100000,35,74,49729
1,1,9.72,100000,48,81,49729
1,1,9.725,100000,45,85,49729
1,1,9.73,100000,49,73,49729
1,1,9.735,100000,53,98,49729
1,1,9.74,100000,49,67,49729
1,1,9.745,100000,49,54,49729
1,1,9.75,100000,42,58,49729
1,1,9.755,100000,39,74,49729
1,1,9.76,99999,38,65,49729
1,1,9.765,100000,26,55,49729
1,1,9.77,100000,31,39,49729
1,1,9.775,100000,39,49,49729
1,1,9.78,100000,31,49,49729
1,1,9.785,100000,28,56,49729
1,1,9.79,100000,32,46,49729
1,1,9.795,99999,27,53,49729
1,1,9.8,99999,31,42,49729
1,1,9.805,100000,26,62,49729
1,1,9.81,100000,27,47,49729
1,1,9.815,100000,24,44,49729
1,1,9.82,100000,23,43,49729
1,1,9.825,100000,22,61,49729
1,1,9.83,100000,20,40,49729
1,1,9.835,99999,17,27,49729
1,1,9.84,100000,19,31,49729
1,1,9.845,100000,19,32,49729
1,1,9.85,100000,17,26,49729
1,1,9.855,100000,10,33,49729
1,1,9.86,100000,11,17,49729
1,1,9.865,100000,12,24,49729
1,1,9.87,100000,7,13,49729
1,1,9.875,100000,20,29,49729
1,1,9.88,100000,12,21,49729
1,1,9.885,100000,8,22,49729
1,1,9.89,100000,10,19,49729
1,1,9.895,100000,5,17,49729
1,1,9.9,100000,6,8,49729
1,1,9.905,100000,11,17,49729
1,1,9.91,100000,6,12,49729
1,1,9.915,99999,6,9,49729
1,1,9.92,99999,9,14,49729
1,1,9.925,100000,3,11,49729
1,1,9.93,100000,8,8,49729
1,1,9.935,100000,1,5,49729
1,1,9.94,100000,5,8,49729
1,1,9.945,100000,1,6,49729
1,1,9.95,100000,2,2,49729
1,1,9.955,100000,1,2,49729
1,1,9.96,100000,2,3,49729
1,1,9.965,100000,0,0,49729
1,1,9.97,100000,0,0,49729
1,1,9.975,100000,1,3,49729
1,1,9.98,100000,0,2,49729
1,1,9.985,100000,0,0,49729
1,1,9.99,100000,0,0,49729
1,1,9.995,100000,0,0,49729
1,1,10.0,100000,0,0,49729
